"system_id","eligibility_flag","original_student_n","eligible_student_n","excluded_student_n","exclusion_percentage","schools_before_filtering","schools_after_filtering","no_eligible_cases","very_small_eligible_sample","very_few_retained_schools"
"AAD","eligible_rq1",12109,11485,624,5.153191840779585,299,297,FALSE,FALSE,FALSE
"AAD","eligible_rq2",12109,11434,675,5.574366173920224,299,297,FALSE,FALSE,FALSE
"AAD","eligible_main_dp",12109,11244,865,7.143447022875547,299,297,FALSE,FALSE,FALSE
"AAD","eligible_domain_comparison",12109,11244,865,7.143447022875547,299,297,FALSE,FALSE,FALSE
"ADU","eligible_rq1",8164,7975,189,2.3150416462518373,174,174,FALSE,FALSE,FALSE
"ADU","eligible_rq2",8164,7970,194,2.3762861342479176,174,174,FALSE,FALSE,FALSE
"ADU","eligible_main_dp",8164,7906,258,3.1602155805977463,174,174,FALSE,FALSE,FALSE
"ADU","eligible_domain_comparison",8164,7906,258,3.1602155805977463,174,174,FALSE,FALSE,FALSE
"ARE","eligible_rq1",32740,31517,1223,3.735491753207086,750,747,FALSE,FALSE,FALSE
"ARE","eligible_rq2",32740,31423,1317,4.022602321319487,750,747,FALSE,FALSE,FALSE
"ARE","eligible_main_dp",32740,30997,1743,5.32376298106292,750,747,FALSE,FALSE,FALSE
"ARE","eligible_domain_comparison",32740,30997,1743,5.32376298106292,750,747,FALSE,FALSE,FALSE
"ASH","eligible_rq1",6385,6175,210,3.288958496476116,147,146,FALSE,FALSE,FALSE
"ASH","eligible_rq2",6385,6155,230,3.602192638997651,147,146,FALSE,FALSE,FALSE
"ASH","eligible_main_dp",6385,6084,301,4.7141738449491,147,146,FALSE,FALSE,FALSE
"ASH","eligible_domain_comparison",6385,6084,301,4.7141738449491,147,146,FALSE,FALSE,FALSE
"AUS","eligible_rq1",8442,7924,518,6.135986733001658,276,273,FALSE,FALSE,FALSE
"AUS","eligible_rq2",8442,7928,514,6.088604596067283,276,273,FALSE,FALSE,FALSE
"AUS","eligible_main_dp",8442,7865,577,6.834873252783701,276,273,FALSE,FALSE,FALSE
"AUS","eligible_domain_comparison",8442,7865,577,6.834873252783701,276,273,FALSE,FALSE,FALSE
"AUT","eligible_rq1",4639,4593,46,0.99159301573615,157,157,FALSE,FALSE,FALSE
"AUT","eligible_rq2",4639,4587,52,1.1209312351799956,157,157,FALSE,FALSE,FALSE
"AUT","eligible_main_dp",4639,4566,73,1.5736150032334555,157,157,FALSE,FALSE,FALSE
"AUT","eligible_domain_comparison",4639,4566,73,1.5736150032334555,157,157,FALSE,FALSE,FALSE
"AZE","eligible_rq1",6174,5926,248,4.016844833171364,197,196,FALSE,FALSE,FALSE
"AZE","eligible_rq2",6174,5891,283,4.583738257207645,197,195,FALSE,FALSE,FALSE
"AZE","eligible_main_dp",6174,5833,341,5.523161645610625,197,195,FALSE,FALSE,FALSE
"AZE","eligible_domain_comparison",6174,5833,341,5.523161645610625,197,195,FALSE,FALSE,FALSE
"BHR","eligible_rq1",5168,4981,187,3.6184210526315788,117,117,FALSE,FALSE,FALSE
"BHR","eligible_rq2",5168,4963,205,3.96671826625387,117,117,FALSE,FALSE,FALSE
"BHR","eligible_main_dp",5168,4839,329,6.36609907120743,117,117,FALSE,FALSE,FALSE
"BHR","eligible_domain_comparison",5168,4839,329,6.36609907120743,117,117,FALSE,FALSE,FALSE
"BRA","eligible_rq1",22770,0,22770,100,849,0,TRUE,FALSE,FALSE
"BRA","eligible_rq2",22770,0,22770,100,849,0,TRUE,FALSE,FALSE
"BRA","eligible_main_dp",22770,0,22770,100,849,0,TRUE,FALSE,FALSE
"BRA","eligible_domain_comparison",22770,0,22770,100,849,0,TRUE,FALSE,FALSE
"CHL","eligible_rq1",4478,4387,91,2.032157213041536,168,168,FALSE,FALSE,FALSE
"CHL","eligible_rq2",4478,4386,92,2.0544886109870477,168,168,FALSE,FALSE,FALSE
"CHL","eligible_main_dp",4478,4355,123,2.746761947297901,168,168,FALSE,FALSE,FALSE
"CHL","eligible_domain_comparison",4478,4355,123,2.746761947297901,168,168,FALSE,FALSE,FALSE
"CIV","eligible_rq1",8284,0,8284,100,154,0,TRUE,FALSE,FALSE
"CIV","eligible_rq2",8284,0,8284,100,154,0,TRUE,FALSE,FALSE
"CIV","eligible_main_dp",8284,0,8284,100,154,0,TRUE,FALSE,FALSE
"CIV","eligible_domain_comparison",8284,0,8284,100,154,0,TRUE,FALSE,FALSE
"CYP","eligible_rq1",4200,4121,79,1.880952380952381,96,96,FALSE,FALSE,FALSE
"CYP","eligible_rq2",4200,4112,88,2.0952380952380953,96,96,FALSE,FALSE,FALSE
"CYP","eligible_main_dp",4200,4080,120,2.857142857142857,96,96,FALSE,FALSE,FALSE
"CYP","eligible_domain_comparison",4200,4080,120,2.857142857142857,96,96,FALSE,FALSE,FALSE
"CZE","eligible_rq1",8110,8048,62,0.7644882860665845,210,210,FALSE,FALSE,FALSE
"CZE","eligible_rq2",8110,8032,78,0.9617755856966708,210,210,FALSE,FALSE,FALSE
"CZE","eligible_main_dp",8110,7978,132,1.627620221948212,210,210,FALSE,FALSE,FALSE
"CZE","eligible_domain_comparison",8110,7978,132,1.627620221948212,210,210,FALSE,FALSE,FALSE
"ENG","eligible_rq1",4239,4040,199,4.69450342061807,136,135,FALSE,FALSE,FALSE
"ENG","eligible_rq2",4239,4035,204,4.812455767869781,136,135,FALSE,FALSE,FALSE
"ENG","eligible_main_dp",4239,4000,239,5.638122198631753,136,135,FALSE,FALSE,FALSE
"ENG","eligible_domain_comparison",4239,4000,239,5.638122198631753,136,135,FALSE,FALSE,FALSE
"FIN","eligible_rq1",5880,5752,128,2.17687074829932,161,161,FALSE,FALSE,FALSE
"FIN","eligible_rq2",5880,5730,150,2.5510204081632653,161,161,FALSE,FALSE,FALSE
"FIN","eligible_main_dp",5880,5699,181,3.078231292517007,161,161,FALSE,FALSE,FALSE
"FIN","eligible_domain_comparison",5880,5699,181,3.078231292517007,161,161,FALSE,FALSE,FALSE
"FRA","eligible_rq1",4511,4446,65,1.440922190201729,150,150,FALSE,FALSE,FALSE
"FRA","eligible_rq2",4511,4434,77,1.7069385945466637,150,150,FALSE,FALSE,FALSE
"FRA","eligible_main_dp",4511,4399,112,2.4828197738860562,150,150,FALSE,FALSE,FALSE
"FRA","eligible_domain_comparison",4511,4399,112,2.4828197738860562,150,150,FALSE,FALSE,FALSE
"GEO","eligible_rq1",4872,4750,122,2.504105090311987,156,156,FALSE,FALSE,FALSE
"GEO","eligible_rq2",4872,4719,153,3.1403940886699506,156,156,FALSE,FALSE,FALSE
"GEO","eligible_main_dp",4872,4651,221,4.536124794745485,156,156,FALSE,FALSE,FALSE
"GEO","eligible_domain_comparison",4872,4651,221,4.536124794745485,156,156,FALSE,FALSE,FALSE
"HKG","eligible_rq1",4463,4326,137,3.0696840690118754,135,135,FALSE,FALSE,FALSE
"HKG","eligible_rq2",4463,4328,135,3.0248711628949136,135,135,FALSE,FALSE,FALSE
"HKG","eligible_main_dp",4463,4247,216,4.839793860631862,135,135,FALSE,FALSE,FALSE
"HKG","eligible_domain_comparison",4463,4247,216,4.839793860631862,135,135,FALSE,FALSE,FALSE
"HUN","eligible_rq1",5426,5353,73,1.34537412458533,157,157,FALSE,FALSE,FALSE
"HUN","eligible_rq2",5426,5320,106,1.9535569480280133,157,157,FALSE,FALSE,FALSE
"HUN","eligible_main_dp",5426,5298,128,2.3590121636564687,157,157,FALSE,FALSE,FALSE
"HUN","eligible_domain_comparison",5426,5298,128,2.3590121636564687,157,157,FALSE,FALSE,FALSE
"IRL","eligible_rq1",5090,5021,69,1.3555992141453832,153,153,FALSE,FALSE,FALSE
"IRL","eligible_rq2",5090,5011,79,1.5520628683693516,153,153,FALSE,FALSE,FALSE
"IRL","eligible_main_dp",5090,4989,101,1.9842829076620825,153,153,FALSE,FALSE,FALSE
"IRL","eligible_domain_comparison",5090,4989,101,1.9842829076620825,153,153,FALSE,FALSE,FALSE
"IRN","eligible_rq1",6226,6163,63,1.0118856408609058,224,224,FALSE,FALSE,FALSE
"IRN","eligible_rq2",6226,6081,145,2.3289431416639896,224,224,FALSE,FALSE,FALSE
"IRN","eligible_main_dp",6226,6035,191,3.0677802762608417,224,224,FALSE,FALSE,FALSE
"IRN","eligible_domain_comparison",6226,6035,191,3.0677802762608417,224,224,FALSE,FALSE,FALSE
"ISR","eligible_rq1",5198,3647,1551,29.838399384378608,195,195,FALSE,FALSE,FALSE
"ISR","eligible_rq2",5198,5114,84,1.6160061562139285,195,195,FALSE,FALSE,FALSE
"ISR","eligible_main_dp",5198,3630,1568,30.165448249326666,195,194,FALSE,FALSE,FALSE
"ISR","eligible_domain_comparison",5198,3630,1568,30.165448249326666,195,194,FALSE,FALSE,FALSE
"ITA","eligible_rq1",4591,4542,49,1.0673055979089523,152,152,FALSE,FALSE,FALSE
"ITA","eligible_rq2",4591,4530,61,1.3286865606621652,152,152,FALSE,FALSE,FALSE
"ITA","eligible_main_dp",4591,4506,85,1.8514484861685907,152,152,FALSE,FALSE,FALSE
"ITA","eligible_domain_comparison",4591,4506,85,1.8514484861685907,152,152,FALSE,FALSE,FALSE
"JOR","eligible_rq1",6962,6825,137,1.967825337546682,225,225,FALSE,FALSE,FALSE
"JOR","eligible_rq2",6962,6812,150,2.154553289284688,225,225,FALSE,FALSE,FALSE
"JOR","eligible_main_dp",6962,6721,241,3.4616489514507327,225,225,FALSE,FALSE,FALSE
"JOR","eligible_domain_comparison",6962,6721,241,3.4616489514507327,225,225,FALSE,FALSE,FALSE
"JPN","eligible_rq1",3905,3793,112,2.8681177976952625,133,132,FALSE,FALSE,FALSE
"JPN","eligible_rq2",3905,3774,131,3.3546734955185658,133,132,FALSE,FALSE,FALSE
"JPN","eligible_main_dp",3905,3716,189,4.8399487836107555,133,132,FALSE,FALSE,FALSE
"JPN","eligible_domain_comparison",3905,3716,189,4.8399487836107555,133,132,FALSE,FALSE,FALSE
"KAZ","eligible_rq1",6362,6250,112,1.7604526878340145,187,187,FALSE,FALSE,FALSE
"KAZ","eligible_rq2",6362,6197,165,2.593524049041182,187,187,FALSE,FALSE,FALSE
"KAZ","eligible_main_dp",6362,6100,262,4.1182018233259985,187,187,FALSE,FALSE,FALSE
"KAZ","eligible_domain_comparison",6362,6100,262,4.1182018233259985,187,187,FALSE,FALSE,FALSE
"KOR","eligible_rq1",4257,4237,20,0.4698144233027954,176,176,FALSE,FALSE,FALSE
"KOR","eligible_rq2",4257,4238,19,0.44632370213765565,176,176,FALSE,FALSE,FALSE
"KOR","eligible_main_dp",4257,4232,25,0.5872680291284943,176,176,FALSE,FALSE,FALSE
"KOR","eligible_domain_comparison",4257,4232,25,0.5872680291284943,176,176,FALSE,FALSE,FALSE
"KWT","eligible_rq1",4332,4218,114,2.6315789473684212,146,146,FALSE,FALSE,FALSE
"KWT","eligible_rq2",4332,4172,160,3.693444136657433,146,146,FALSE,FALSE,FALSE
"KWT","eligible_main_dp",4332,4085,247,5.701754385964913,146,146,FALSE,FALSE,FALSE
"KWT","eligible_domain_comparison",4332,4085,247,5.701754385964913,146,146,FALSE,FALSE,FALSE
"LTU","eligible_rq1",5421,5312,109,2.010699133001291,204,204,FALSE,FALSE,FALSE
"LTU","eligible_rq2",5421,5315,106,1.955358789891164,204,204,FALSE,FALSE,FALSE
"LTU","eligible_main_dp",5421,5285,136,2.5087622209924367,204,204,FALSE,FALSE,FALSE
"LTU","eligible_domain_comparison",5421,5285,136,2.5087622209924367,204,204,FALSE,FALSE,FALSE
"MAR","eligible_rq1",8745,8448,297,3.3962264150943398,250,250,FALSE,FALSE,FALSE
"MAR","eligible_rq2",8745,8430,315,3.6020583190394513,250,250,FALSE,FALSE,FALSE
"MAR","eligible_main_dp",8745,8218,527,6.026300743281875,250,250,FALSE,FALSE,FALSE
"MAR","eligible_domain_comparison",8745,8218,527,6.026300743281875,250,250,FALSE,FALSE,FALSE
"MLT","eligible_rq1",3994,3919,75,1.8778167250876314,42,42,FALSE,FALSE,FALSE
"MLT","eligible_rq2",3994,3923,71,1.7776664997496245,42,42,FALSE,FALSE,FALSE
"MLT","eligible_main_dp",3994,3888,106,2.6539809714571856,42,42,FALSE,FALSE,FALSE
"MLT","eligible_domain_comparison",3994,3888,106,2.6539809714571856,42,42,FALSE,FALSE,FALSE
"MYS","eligible_rq1",8780,8752,28,0.31890660592255127,180,180,FALSE,FALSE,FALSE
"MYS","eligible_rq2",8780,8734,46,0.5239179954441914,180,180,FALSE,FALSE,FALSE
"MYS","eligible_main_dp",8780,8694,86,0.979498861047836,180,180,FALSE,FALSE,FALSE
"MYS","eligible_domain_comparison",8780,8694,86,0.979498861047836,180,180,FALSE,FALSE,FALSE
"NOR","eligible_rq1",6324,6063,261,4.127134724857685,157,157,FALSE,FALSE,FALSE
"NOR","eligible_rq2",6324,6081,243,3.842504743833017,157,157,FALSE,FALSE,FALSE
"NOR","eligible_main_dp",6324,6032,292,4.617330803289057,157,157,FALSE,FALSE,FALSE
"NOR","eligible_domain_comparison",6324,6032,292,4.617330803289057,157,157,FALSE,FALSE,FALSE
"NZL","eligible_rq1",3930,3801,129,3.282442748091603,98,98,FALSE,FALSE,FALSE
"NZL","eligible_rq2",3930,3814,116,2.9516539440203564,98,98,FALSE,FALSE,FALSE
"NZL","eligible_main_dp",3930,3771,159,4.0458015267175576,98,98,FALSE,FALSE,FALSE
"NZL","eligible_domain_comparison",3930,3771,159,4.0458015267175576,98,98,FALSE,FALSE,FALSE
"OMN","eligible_rq1",8226,7859,367,4.461463651835643,225,225,FALSE,FALSE,FALSE
"OMN","eligible_rq2",8226,7833,393,4.777534646243618,225,225,FALSE,FALSE,FALSE
"OMN","eligible_main_dp",8226,7592,634,7.707269632871383,225,225,FALSE,FALSE,FALSE
"OMN","eligible_domain_comparison",8226,7592,634,7.707269632871383,225,225,FALSE,FALSE,FALSE
"PRT","eligible_rq1",5414,5339,75,1.3852973771702992,164,164,FALSE,FALSE,FALSE
"PRT","eligible_rq2",5414,5324,90,1.662356852604359,164,164,FALSE,FALSE,FALSE
"PRT","eligible_main_dp",5414,5294,120,2.2164758034724787,164,164,FALSE,FALSE,FALSE
"PRT","eligible_domain_comparison",5414,5294,120,2.2164758034724787,164,164,FALSE,FALSE,FALSE
"PSE","eligible_rq1",6532,0,6532,100,198,0,TRUE,FALSE,FALSE
"PSE","eligible_rq2",6532,0,6532,100,198,0,TRUE,FALSE,FALSE
"PSE","eligible_main_dp",6532,0,6532,100,198,0,TRUE,FALSE,FALSE
"PSE","eligible_domain_comparison",6532,0,6532,100,198,0,TRUE,FALSE,FALSE
"QAT","eligible_rq1",4298,4195,103,2.396463471382038,191,191,FALSE,FALSE,FALSE
"QAT","eligible_rq2",4298,4205,93,2.16379711493718,191,191,FALSE,FALSE,FALSE
"QAT","eligible_main_dp",4298,4154,144,3.3503955328059565,191,191,FALSE,FALSE,FALSE
"QAT","eligible_domain_comparison",4298,4154,144,3.3503955328059565,191,191,FALSE,FALSE,FALSE
"ROM","eligible_rq1",3722,3580,142,3.8151531434712522,128,128,FALSE,FALSE,FALSE
"ROM","eligible_rq2",3722,3569,153,4.110693175711983,128,128,FALSE,FALSE,FALSE
"ROM","eligible_main_dp",3722,3549,173,4.648038688876948,128,128,FALSE,FALSE,FALSE
"ROM","eligible_domain_comparison",3722,3549,173,4.648038688876948,128,128,FALSE,FALSE,FALSE
"SAU","eligible_rq1",5882,5717,165,2.805168310098606,207,207,FALSE,FALSE,FALSE
"SAU","eligible_rq2",5882,5694,188,3.19619177150629,207,207,FALSE,FALSE,FALSE
"SAU","eligible_main_dp",5882,5604,278,4.7262835770146205,207,207,FALSE,FALSE,FALSE
"SAU","eligible_domain_comparison",5882,5604,278,4.7262835770146205,207,207,FALSE,FALSE,FALSE
"SGP","eligible_rq1",4772,4732,40,0.8382229673093042,145,145,FALSE,FALSE,FALSE
"SGP","eligible_rq2",4772,4723,49,1.0268231349538977,145,145,FALSE,FALSE,FALSE
"SGP","eligible_main_dp",4772,4701,71,1.487845766974015,145,145,FALSE,FALSE,FALSE
"SGP","eligible_domain_comparison",4772,4701,71,1.487845766974015,145,145,FALSE,FALSE,FALSE
"SWE","eligible_rq1",5082,4919,163,3.2073986619441164,154,154,FALSE,FALSE,FALSE
"SWE","eligible_rq2",5082,4924,158,3.109012199921291,154,154,FALSE,FALSE,FALSE
"SWE","eligible_main_dp",5082,4892,190,3.738685556867375,154,154,FALSE,FALSE,FALSE
"SWE","eligible_domain_comparison",5082,4892,190,3.738685556867375,154,154,FALSE,FALSE,FALSE
"TUR","eligible_rq1",4925,4833,92,1.868020304568528,141,140,FALSE,FALSE,FALSE
"TUR","eligible_rq2",4925,4812,113,2.2944162436548226,141,140,FALSE,FALSE,FALSE
"TUR","eligible_main_dp",4925,4797,128,2.598984771573604,141,140,FALSE,FALSE,FALSE
"TUR","eligible_domain_comparison",4925,4797,128,2.598984771573604,141,140,FALSE,FALSE,FALSE
"TWN","eligible_rq1",5543,5498,45,0.8118347465271514,184,184,FALSE,FALSE,FALSE
"TWN","eligible_rq2",5543,5463,80,1.4432617716038247,184,184,FALSE,FALSE,FALSE
"TWN","eligible_main_dp",5543,5434,109,1.966444163810211,184,184,FALSE,FALSE,FALSE
"TWN","eligible_domain_comparison",5543,5434,109,1.966444163810211,184,184,FALSE,FALSE,FALSE
"USA","eligible_rq1",8074,7830,244,3.022046073817191,211,209,FALSE,FALSE,FALSE
"USA","eligible_rq2",8074,7840,234,2.898191726529601,211,209,FALSE,FALSE,FALSE
"USA","eligible_main_dp",8074,7801,273,3.3812236809512015,211,209,FALSE,FALSE,FALSE
"USA","eligible_domain_comparison",8074,7801,273,3.3812236809512015,211,209,FALSE,FALSE,FALSE
"UZB","eligible_rq1",4339,4306,33,0.7605439041253745,166,166,FALSE,FALSE,FALSE
"UZB","eligible_rq2",4339,4246,93,2.1433510025351463,166,166,FALSE,FALSE,FALSE
"UZB","eligible_main_dp",4339,4204,135,3.1113159714219867,166,166,FALSE,FALSE,FALSE
"UZB","eligible_domain_comparison",4339,4204,135,3.1113159714219867,166,166,FALSE,FALSE,FALSE
"ZAF","eligible_rq1",11940,10452,1488,12.462311557788945,281,264,FALSE,FALSE,FALSE
"ZAF","eligible_rq2",11940,10498,1442,12.077051926298157,281,264,FALSE,FALSE,FALSE
"ZAF","eligible_main_dp",11940,10350,1590,13.316582914572864,281,264,FALSE,FALSE,FALSE
"ZAF","eligible_domain_comparison",11940,10350,1590,13.316582914572864,281,264,FALSE,FALSE,FALSE
