"item","value","note"
"Source education systems","47","Prepared source coverage before achievement eligibility restrictions."
"Education systems included in achievement models","44","Systems contributing to all reported achievement models."
"Excluded education systems","BRA, CIV, PSE","Content-domain plausible values had no valid values for these systems."
"Students analysed","272,315","Identical complete-case sample used for the reported model comparisons."
"Schools analysed","8,171","Unique school_uid groups in the analytic sample."
"PV-specific model fits","35","Seven model families multiplied by five plausible values."
"Mean school-level ICC across five plausible values","0.311","Arithmetic mean of five weighted null-model ICCs."
"Observed ICC range across plausible values","0.310 to 0.311","Observed minimum and maximum; Rubin pooling was not applied to ICC."
"Round 4 analysis status","PASS WITH WARNINGS","35/35 fits converged; 0 singular fits; 0 PV-specific model-warning rows."
